{
  "info": {
    "name": "PD - Daniel Tapias - API (MySQL, CRUD only)",
    "_postman_id": "a4a4e0c9-6d2c-4b63-bd9f-8c8d4a0b2b12",
    "description": "Endpoints MySQL only (puerto 3001)",
    "schema": "https://schema.getpostman.com/json/collection/v2.1.0/collection.json"
  },
  "item": [
    {
      "name": "Health (MySQL)",
      "request": {
        "method": "GET",
        "url": "http://localhost:3001/api/health"
      }
    },
    {
      "name": "Customers - list (MySQL)",
      "request": {
        "method": "GET",
        "url": "http://localhost:3001/api/customers"
      }
    },
    {
      "name": "Customers - create (MySQL)",
      "request": {
        "method": "POST",
        "header": [
          {
            "key": "Content-Type",
            "value": "application/json"
          }
        ],
        "body": {
          "mode": "raw",
          "raw": "{\"national_id\": 123, \"full_name\": \"Test User\"}"
        },
        "url": "http://localhost:3001/api/customers"
      }
    },
    {
      "name": "Customers - update (MySQL)",
      "request": {
        "method": "PUT",
        "header": [
          {
            "key": "Content-Type",
            "value": "application/json"
          }
        ],
        "body": {
          "mode": "raw",
          "raw": "{\"email\": \"test@example.com\"}"
        },
        "url": "http://localhost:3001/api/customers/1"
      }
    },
    {
      "name": "Customers - delete (MySQL)",
      "request": {
        "method": "DELETE",
        "url": "http://localhost:3001/api/customers/1"
      }
    },
    {
      "name": "Invoices - list (MySQL)",
      "request": {
        "method": "GET",
        "url": "http://localhost:3001/api/invoices"
      }
    },
    {
      "name": "Invoices - create (MySQL)",
      "request": {
        "method": "POST",
        "url": "http://localhost:3001/api/invoices",
        "body": {
          "mode": "raw",
          "raw": "{\"invoice_number\": \"INV-001\", \"billing_period\": \"2025-07\", \"amount_billed\": 100000, \"customer_id\": 1}"
        },
        "header": [
          {
            "key": "Content-Type",
            "value": "application/json"
          }
        ]
      }
    },
    {
      "name": "Invoices - get (MySQL)",
      "request": {
        "method": "GET",
        "url": "http://localhost:3001/api/invoices/1"
      }
    },
    {
      "name": "Invoices - update (MySQL)",
      "request": {
        "method": "PUT",
        "url": "http://localhost:3001/api/invoices/1",
        "body": {
          "mode": "raw",
          "raw": "{\"billing_period\": \"2025-08\"}"
        },
        "header": [
          {
            "key": "Content-Type",
            "value": "application/json"
          }
        ]
      }
    },
    {
      "name": "Invoices - delete (MySQL)",
      "request": {
        "method": "DELETE",
        "url": "http://localhost:3001/api/invoices/1"
      }
    },
    {
      "name": "Transactions - list (MySQL)",
      "request": {
        "method": "GET",
        "url": "http://localhost:3001/api/transactions"
      }
    },
    {
      "name": "Transactions - create (MySQL)",
      "request": {
        "method": "POST",
        "url": "http://localhost:3001/api/transactions",
        "body": {
          "mode": "raw",
          "raw": "{\"transaction_code\": \"TX-TEST-1\", \"occurred_at\": \"2025-08-01 12:00:00\", \"amount\": 50000, \"status\": \"Aprobada\", \"type\": \"Pago\", \"platform_id\": 1, \"invoice_id\": 1, \"customer_id\": 1}"
        },
        "header": [
          {
            "key": "Content-Type",
            "value": "application/json"
          }
        ]
      }
    },
    {
      "name": "Transactions - get (MySQL)",
      "request": {
        "method": "GET",
        "url": "http://localhost:3001/api/transactions/1"
      }
    },
    {
      "name": "Transactions - update (MySQL)",
      "request": {
        "method": "PUT",
        "url": "http://localhost:3001/api/transactions/1",
        "body": {
          "mode": "raw",
          "raw": "{\"status\": \"Completed\"}"
        },
        "header": [
          {
            "key": "Content-Type",
            "value": "application/json"
          }
        ]
      }
    },
    {
      "name": "Transactions - delete (MySQL)",
      "request": {
        "method": "DELETE",
        "url": "http://localhost:3001/api/transactions/1"
      }
    }
  ]
}